User_ID,account_nbr,Address_usr,City_usr,State_usr,Zipcode_usr,Mail_addr,mail_city_usr,mail_state_usr,mail_zipcode_usr,cel_usr,pho_usr
X3aB7kL9pR,23456789012345,123 Main Street,Cityville,Alabama,12345,1234 Pine Street,Elmwood,Alabama,12345,(555) 123-4567,(555) 123-4567
Q2cD8eJ4hU,234567890123456,456 Elm Avenue,Townsville,Alaska,67890,5678 Maple Avenue,Meadowville,Alaska,67890,(556) 234-5678,(556) 234-5678
W5gF6mN1oY,345678901234567,789 Oak Lane,Villagetown,Arizona,23456,9101 Oak Lane,Willow Springs,Arizona,23456,(557) 345-6789,(557) 345-6789
A9bI3lR7tV,456789012345678,101 Pine Road,Hamletville,Arkansas,78901,2345 Elm Road,Harbor City,Arkansas,78901,(558) 456-7890,(558) 456-7890
Z4dH2oG8qX,567890123456789,202 Maple Drive,Riverside,California,34567,6789 Birch Boulevard,Pineview,California,34567,(559) 567-8901,(559) 567-8901
K6iL1pS3wT,678901234567890,303 Cedar Street,Hilltop City,Colorado,89012,123 Willow Court,Riverside,Colorado,89012,(560) 678-9012,(560) 678-9012
C7uV2xY5zN,789012345678901,404 Birch Court,Lakeside,Connecticut,45678,456 Cedar Lane,Lakeside,Connecticut,45678,(561) 789-0123,(561) 789-0123
M9aP4rH8jK,890123456789012,505 Walnut Circle,Mountainview,Delaware,12345,7890 Sycamore Street,Hillcrest,Delaware,12345,(562) 890-1234,(562) 890-1234
E3fU6oW1nX,901234567890123,606 Cherry Way,Harbor City,Florida,67890,1011 Redwood Avenue,Maplewood,Florida,67890,(563) 901-2345,(563) 901-2345
D2qB7lY4sK,109876543210987,707 Aspen Place,Sunsetville,Georgia,23456,1213 Pinehurst Drive,Oak Ridge,Georgia,23456,(564) 012-3456,(564) 012-3456
V8hT9pA6yJ,210987654321098,808 Pinehurst Lane,Valleytown,Hawaii,78901,1415 Birchwood Court,Birchfield,Hawaii,78901,(565) 123-7890,(565) 123-7890
R1kL3uV7dX,321098765432109,909 Spruce Trail,Creekside,Idaho,34567,1617 Spruce Terrace,Redwood Falls,Idaho,34567,(566) 234-8901,(566) 234-8901
G4oN2iP8mC,432109876543210,111 Oakwood Avenue,Bayview,Illinois,89012,1819 Oakwood Lane,Cedar Creek,Illinois,89012,(567) 345-9012,(567) 345-9012
B7wS5zR9xL,543210987654321,222 Birchwood Road,Lakeshore,Indiana,45678,2021 Mapleview Road,Sunset Hills,Indiana,45678,(568) 456-0123,(568) 456-0123
Y5vU6cT3iM,654321098765432,333 Cedarhill Street,Meadowville,Iowa,12345,2223 Cedar Ridge,Valleyview,Iowa,12345,(569) 567-1234,(569) 567-1234
J9aW2kL7fH,765432109876543,444 Elmwood Drive,Hilltop Village,Kansas,67890,2425 Willow Trail,Mountainville,Kansas,67890,(570) 678-2345,(570) 678-2345
I3nF1qO6uP,876543210987654,555 Mapleview Lane,Riverbank,Kentucky,23456,2627 Birch Ridge,Lakeshore,Kentucky,23456,(571) 789-3456,(571) 789-3456
H8rX4jG2pK,987654321098765,666 Willow Avenue,Valleyville,Louisiana,78901,2829 Pine Circle,Creekwood,Louisiana,78901,(572) 890-4567,(572) 890-4567
Z2cV5xY7qA,987123456789012,777 Redwood Place,Valleytown,Maine,34567,3031 Redwood Way,Greenwood,Maine,34567,(573) 901-5678,(573) 901-5678
T7eN9mS1lR,876234567890123,888 Sycamore Circle,Sunset City,Maryland,89012,3233 Oak Ridge,Willow Creek,Maryland,89012,(574) 012-6789,(574) 012-6789
Q6uH3dV4pW,765345678901234,999 Birchtree Lane,Bayville,Massachusetts,45678,3435 Maple Terrace,Meadowview,Massachusetts,45678,(575) 123-4567,(575) 123-4567
X1wK7zY9mB,654456789012345,121 Acorn Road,Bayview,Michigan,12345,3637 Cedar Hollow,Pine Ridge,Michigan,12345,(576) 234-5678,(576) 234-5678
U5sA8oP2vQ,543567890123456,232 Forest Street,Creekside,Minnesota,67890,3839 Willow Crest,Birchvale,Minnesota,67890,(577) 345-6789,(577) 345-6789
L9yF6gJ3nZ,432678901234567,343 Mountainview Lane,Valleyview,Mississippi,23456,4041 Birch Lane,Oak Hollow,Mississippi,23456,(578) 456-7890,(578) 456-7890
O4bX2cT7iD,321789012345678,454 Valley Drive,Valleyville,Missouri,78901,4243 Pine Hollow,Riverbank,Missouri,78901,(579) 567-8901,(579) 567-8901
P8jR1kL3aU,210890123456789,565 Streamside Avenue,Lakeside,Montana,34567,4445 Redwood Ridge,Hilltop,Montana,34567,(580) 678-9012,(580) 678-9012
N3mW5oG7vZ,109901234567890,676 Lakeshore Boulevard,Riverbank,Nebraska,89012,4647 Oak Terrace,Sycamore Grove,Nebraska,89012,(581) 789-0123,(581) 789-0123
C7sV4pB9xK,123019876543210,787 Seaview Terrace,Harborville,Nevada,45678,4849 Maple Hollow,Birchwood,Nevada,45678,(582) 890-1234,(582) 890-1234
F2qU6rH1lX,234021098765432,898 Hillcrest Road,Lakewood,New Hampshire,12345,5051 Cedar Crest,Oakview,New Hampshire,12345,(583) 901-2345,(583) 901-2345
D9wI8oA5yJ,345032109876543,909 Meadow Lane,Meadowview,New Jersey,67890,5253 Willow Lane,Valley Ridge,New Jersey,67890,(584) 012-3456,(584) 012-3456
T3hS7wK4uL,456043210987654,101 Oakhill Drive,Riverdale,New Mexico,23456,5455 Birch Circle,Harborview,New Mexico,23456,(585) 123-7890,(585) 123-7890
Z6pN1yC8mX,567054321098765,202 Pineview Street,Lakefront,New York,78901,5657 Pine Ridge,Pine Hollow,New York,78901,(586) 234-8901,(586) 234-8901
V7dO2jG5iR,678065432109876,313 Willow Court,Hilltop City,North Carolina,34567,5859 Redwood Hollow,Maple Terrace,North Carolina,34567,(587) 345-9012,(587) 345-9012
X9kL3uV1sH,789076543210987,424 Maple Avenue,Lakeshore,North Dakota,89012,6061 Oak Terrace,Cedar Heights,North Dakota,89012,(588) 456-0123,(588) 456-0123
G4rP8mB2qW,890087654321098,535 Pine Ridge,Harborville,Ohio,45678,6263 Maple Ridge,Elm Grove,Ohio,45678,(589) 567-1234,(589) 567-1234
N1oY5vU7cT,901098765432109,646 Cedar Hollow,Bayville,Oklahoma,12345,6465 Cedar Lane,Lakeside,Oklahoma,12345,(590) 678-2345,(590) 678-2345
E6iW9nS3xK,876098765432109,757 Redwood Ridge,Bayview,Oregon,67890,6667 Willow Avenue,Hillside,Oregon,67890,(591) 789-3456,(591) 789-3456
M2aP7jH8oR,765098765432109,868 Birch Crest,Lakeshore,Pennsylvania,23456,6869 Birch Hollow,Sunset View,Pennsylvania,23456,(592) 890-4567,(592) 890-4567
A5uQ3bL6sV,654098765432109,979 Oakwood Ridge,Hilltop Village,Rhode Island,78901,7071 Pineview Circle,Birch Terrace,Rhode Island,78901,(593) 901-5678,(593) 901-5678
Y7zR9xL2wK,543098765432109,1210 Willow Terrace,Sunset City,South Carolina,34567,7273 Redwood Drive,Meadow Ridge,South Carolina,34567,(594) 012-6789,(594) 012-6789
J3fT6oN1iX,432098765432109,2321 Cedar Crest,Valleyview,South Dakota,89012,7475 Oak Hollow,Riverdale,South Dakota,89012,(595) 123-4567,(595) 123-4567
B8lX4pY9qJ,321098765432109,3432 Pine Terrace,Hillcrest,Tennessee,45678,7677 Maple Trail,Willowview,Tennessee,45678,(596) 234-5678,(596) 234-5678
W1kC7uV2xH,210098765432109,4543 Redwood Hollow,Riverbank,Texas,12345,7879 Cedar Crest,Mountain View,Texas,12345,(597) 345-6789,(597) 345-6789
K3mN9oG6jP,109098765432109,5654 Birch Ridge,Valleyville,Utah,67890,8081 Willow Ridge,Oak Park,Utah,67890,(598) 456-7890,(598) 456-7890
H7rT2jA8yL,210987654321098,6765 Oak Terrace,Meadowview,Vermont,23456,8283 Birchview Terrace,Hillcrest,Vermont,23456,(599) 567-8901,(599) 567-8901
I4nR1oF3uW,321876543210987,7876 Willow Crest,Lakeshore,Virginia,78901,8485 Pineview Drive,Pine Creek,Virginia,78901,(600) 678-9012,(600) 678-9012
D8vX5iS7wK,432765432109876,8987 Cedar Hollow,Valleyview,Washington,34567,8687 Redwood Way,Birch Lane,Washington,34567,(601) 789-0123,(601) 789-0123
Q6uH2dY9cP,543654321098765,9098 Pine Ridge,Meadowville,West Virginia,89012,8889 Oak Crest,Cedar Springs,West Virginia,89012,(602) 890-1234,(602) 890-1234
O1rW7oK4lA,654543210987654,10109 Redwood Terrace,Summitville,Wisconsin,45678,9091 Maple Terrace,Valley Creek,Wisconsin,45678,(603) 901-2345,(603) 901-2345
U5sJ9yB6mV,765432109876543,11210 Birch Crest,Riverbank,Wyoming,12345,9293 Cedar Lane,Redwood Terrace,Wyoming,12345,(604) 012-3456,(604) 012-3456
P3jH8qO1uS,876321098765432,12321 Oak Ridge,Lakefront,Puerto Rico,67890,9495 Willowview Road,Maple Lane,Puerto Rico,67890,(605) 123-7890,(605) 123-7890
C7xW5oL2iR,987210987654321,13432 Willow Hollow,Sunsetville,Guam,23456,9697 Birch Ridge,Willow Grove,Guam,23456,(606) 234-8901,(606) 234-8901
Z9kG6pN3aH,987654321012345,14543 Cedar Crest,Harborville,U.S. Virgin Islands,78901,98101 Pine Hollow,Harbor Springs,U.S. Virgin Islands,78901,(607) 345-9012,(607) 345-9012
S2wT7yV4zX,876543210123456,15654 Pine Hollow,Valleyville,American Samoa,34567,100102 Redwood Trail,Elm Terrace,American Samoa,34567,(608) 456-0123,(608) 456-0123
B5sQ8vU1cK,765432109234567,16765 Birch Terrace,Hillcrest,Northern Mariana Islands,89012,102103 Oakwood Drive,Oakwood,Northern Mariana Islands,89012,(609) 567-1234,(609) 567-1234
R7jL4oY2mF,654321098345678,17876 Redwood Ridge,Lakeshore,District of Columbia,45678,104105 Maple Hollow,Riverside,District of Columbia,45678,(610) 678-2345,(610) 678-2345
E9nS1iP3lR,543210987456789,18987 Willow Crest,Bayville,Federated States of Micronesia,12345,106107 Cedar Avenue,Hillview,Federated States of Micronesia,12345,(611) 789-3456,(611) 789-3456
X6uV3dA5oN,432109876567890,19098 Cedar Terrace,Creekside,Marshall Islands,67890,108109 Willow Terrace,Lakeside,Marshall Islands,67890,(612) 890-4567,(612) 890-4567
M2yC8kL7wT,321098765678901,20209 Pine Hollow,Meadowville,Palau,23456,110111 Birch Ridge,Birch Ridge,Palau,23456,(613) 901-5678,(613) 901-5678
F4oB9rI6gX,210987654789012,21320 Birch Ridge,Valleytown,Alabama,78901,112113 Pineview Way,Pine Valley,Alabama,78901,(614) 012-6789,(614) 012-6789
V7hT1pY5aJ,109876543890123,22431 Oak Hollow,Harborville,Alaska,34567,114115 Redwood Circle,Meadow Lane,Alaska,34567,(615) 123-4567,(615) 123-4567
D3xU6iH8lK,123450987654321,23542 Willow Crest,Sunset City,Arizona,89012,116117 Oak Hollow,Valley Hollow,Arizona,89012,(616) 234-5678,(616) 234-5678
G9mW2nS1oX,234561098765432,24653 Cedar Ridge,Hilltop Village,Arkansas,45678,118119 Mapleview Avenue,Mountain Ridge,Arkansas,45678,(617) 345-6789,(617) 345-6789
A6yK4sB8qL,345672109876543,25764 Pine Terrace,Lakeshore,California,12345,120121 Cedar Ridge,Cedar Hollow,California,12345,(618) 456-7890,(618) 456-7890
O1uP7rH3jW,456783210987654,26875 Redwood Hollow,Harborville,Colorado,67890,122123 Willow Lane,Sycamore Ridge,Colorado,67890,(619) 567-8901,(619) 567-8901
N5oY2iG8pK,567894321098765,27986 Birch Ridge,Valleyville,Connecticut,23456,124125 Birchview Terrace,Harbor Hollow,Connecticut,23456,(620) 678-9012,(620) 678-9012
H9qL6wN3mA,678905432109876,281097 Oak Terrace,Summitville,Delaware,78901,126127 Pine Circle,Elm Ridge,Delaware,78901,(621) 789-0123,(621) 789-0123
I2nX7vU4dR,789016543210987,292108 Willow Ridge,Riverbank,Florida,34567,128129 Redwood Hollow,Birchview,Florida,34567,(622) 890-1234,(622) 890-1234
C8mT3oP1iS,890127654321098,303219 Cedar Crest,Hilltop City,Georgia,89012,130131 Oakview Lane,Maple Hollow,Georgia,89012,(623) 901-2345,(623) 901-2345
Y9zR6xL2wV,901238765432109,314320 Pine Hollow,Harborville,Hawaii,45678,132133 Maple Ridge,Willow Lane,Hawaii,45678,(624) 012-3456,(624) 012-3456
Q7uH5dV8pK,987654321098012,325431 Redwood Terrace,Hillcrest,Idaho,12345,134135 Cedar Lane,Pine Terrace,Idaho,12345,(625) 123-7890,(625) 123-7890
U2rO9oN4iX,876543210987123,336542 Birch Hollow,Sunset City,Illinois,67890,136137 Willow Avenue,Lakeside,Illinois,67890,(626) 234-8901,(626) 234-8901
L6gS3wK1mY,765432109876234,347653 Oak Crest,Valleyview,Indiana,23456,138139 Birch Hollow,Hillview,Indiana,23456,(627) 345-9012,(627) 345-9012
P4jA2yB8lH,654321098765345,358764 Willow Ridge,Meadowview,Iowa,78901,140141 Pine Crest,River Terrace,Iowa,78901,(628) 456-0123,(628) 456-0123
W7nT3oR6uV,543210987654456,369875 Cedar Hollow,Lakeside,Kansas,34567,142143 Redwood Trail,Oak Lane,Kansas,34567,(629) 567-1234,(629) 567-1234
Z2xL9iH1yG,432109876543567,371098 Pine Ridge,Riverbank,Kentucky,89012,144145 Oakview Terrace,Creek Hollow,Kentucky,89012,(630) 678-2345,(630) 678-2345
X5uV7pB4wQ,321098765432678,382109 Redwood Terrace,Hilltop Village,Louisiana,45678,146147 Maple Hollow,Valley Lane,Louisiana,45678,(631) 789-3456,(631) 789-3456
K3oH8jW1nM,210098765432789,393220 Birch Crest,Bayville,Maine,12345,148149 Cedar Ridge,Hillcrest,Maine,12345,(632) 890-4567,(632) 890-4567
E9uI6oY2aP,109098765432890,404331 Oak Terrace,Lakeshore,Maryland,67890,150151 Willow Lane,Birch Falls,Maryland,67890,(633) 901-5678,(633) 901-5678
D3qB7rL5sV,987654321098765,415442 Willow Hollow,Valleytown,Massachusetts,23456,152153 Birch Avenue,Meadow Hollow,Massachusetts,23456,(634) 012-6789,(634) 012-6789
J1fT4oN7iH,876543210987654,426553 Cedar Crest,Hillcrest,Michigan,78901,154155 Pineview Circle,Pine Ridge,Michigan,78901,(635) 123-4567,(635) 123-4567
V8dX6iS3wK,765432109876543,437664 Pine Ridge,Harborville,Minnesota,34567,156157 Redwood Drive,Willow Park,Minnesota,34567,(636) 234-5678,(636) 234-5678
M2yA5oH9lN,654321098765432,448775 Redwood Terrace,Lakeside,Mississippi,89012,158159 Oak Hollow,Sycamore Lane,Mississippi,89012,(637) 345-6789,(637) 345-6789
B7rP3mG8jX,543210987654321,459886 Birch Hollow,Valleyville,Missouri,45678,160161 Maple Trail,Cedar Hollow,Missouri,45678,(638) 456-7890,(638) 456-7890
C9kL4uV1dR,432109876543210,460997 Oak Ridge,Sunset City,Montana,12345,162163 Cedar Crest,Mountainview,Montana,12345,(639) 567-8901,(639) 567-8901
H6qO1uN8iP,321098765432109,472108 Willow Crest,Hilltop City,Nebraska,67890,164165 Willow Ridge,Valley Ridge,Nebraska,67890,(640) 678-9012,(640) 678-9012
W3nS5oY2vL,210098765432109,483219 Cedar Hollow,Meadowview,Nevada,23456,166167 Birchview Lane,Lakeshore,Nevada,23456,(641) 789-0123,(641) 789-0123
I9pR7jH4aX,109098765432109,494320 Pine Ridge,Bayview,New Hampshire,78901,168169 Pineview Drive,Elmwood,New Hampshire,78901,(642) 890-1234,(642) 890-1234
Y2zX5iS8wK,876543210987654,505431 Redwood Terrace,Lakeside,New Jersey,34567,170171 Redwood Way,Birchfield,New Jersey,34567,(643) 901-2345,(643) 901-2345
G6oN3uV1yJ,765432109876543,516542 Birch Crest,Valleytown,New Mexico,89012,172173 Oak Crest,Hilltop,New Mexico,89012,(644) 012-3456,(644) 012-3456
F8wT1oB5mR,654321098765432,527653 Oak Hollow,Sunsetville,New York,45678,174175 Maple Terrace,Pine Hollow,New York,45678,(645) 123-7890,(645) 123-7890
A4uK7yH2lQ,543210987654321,538764 Willow Terrace,Lakeshore,North Carolina,12345,176177 Cedar Lane,Creekview,North Carolina,12345,(646) 234-8901,(646) 234-8901
S9iP6lB3wV,432109876543210,549875 Cedar Crest,Valleyville,North Dakota,67890,178179 Willowview Road,Oak Ridge,North Dakota,67890,(647) 345-9012,(647) 345-9012
N1oY7qR4xK,321098765432109,550986 Pine Hollow,Meadowville,Ohio,23456,180181 Birch Ridge,Willow Creek,Ohio,23456,(648) 456-0123,(648) 456-0123
D3vO6iN2aH,210098765432109,562097 Redwood Ridge,Harborville,Oklahoma,78901,182183 Pine Hollow,Harbor Springs,Oklahoma,78901,(649) 567-1234,(649) 567-1234
Q8uW1nS5oX,109098765432109,573208 Birch Hollow,Riverbank,Oregon,34567,184185 Redwood Trail,Riverside,Oregon,34567,(650) 678-2345,(650) 678-2345
U4rA7oP2yV,987654321098765,584319 Oak Terrace,Hillcrest,Pennsylvania,89012,186187 Oakwood Drive,Meadowville,Pennsylvania,89012,(651) 789-3456,(651) 789-3456
L6mX3iS1wT,876543210987654,595430 Willow Crest,Bayville,Rhode Island,45678,188189 Maple Hollow,Birch Terrace,Rhode Island,45678,(652) 890-4567,(652) 890-4567
P8jH5kL2oR,765432109876543,606541 Cedar Ridge,Lakeside,South Carolina,12345,190191 Cedar Avenue,Valleyview,South Carolina,12345,(653) 901-5678,(653) 901-5678
C4uV7pS3yB,654321098765432,617652 Pine Hollow,Valleyview,South Dakota,67890,192193 Willow Terrace,Sycamore Grove,South Dakota,67890,(654) 012-6789,(654) 012-6789
,,,,,,,,,12345,,
,,,,,,,,,67890,,
,,,,,,,,,23456,,
,,,,,,,,,78901,,
,,,,,,,,,34567,,
,,,,,,,,,89012,,
,,,,,,,,,45678,,
,,,,,,,,,12345,,
,,,,,,,,,67890,,
,,,,,,,,,23456,,
,,,,,,,,,78901,,
,,,,,,,,,34567,,
,,,,,,,,,89012,,
,,,,,,,,,45678,,
,,,,,,,,,12345,,
,,,,,,,,,67890,,
,,,,,,,,,23456,,
,,,,,,,,,78901,,
,,,,,,,,,34567,,
,,,,,,,,,89012,,
,,,,,,,,,45678,,
,,,,,,,,,12345,,
,,,,,,,,,67890,,
,,,,,,,,,23456,,
,,,,,,,,,78901,,
,,,,,,,,,34567,,
,,,,,,,,,89012,,
,,,,,,,,,45678,,
,,,,,,,,,12345,,
,,,,,,,,,67890,,
,,,,,,,,,23456,,
,,,,,,,,,78901,,
,,,,,,,,,34567,,
,,,,,,,,,89012,,
,,,,,,,,,45678,,
,,,,,,,,,12345,,
,,,,,,,,,67890,,
,,,,,,,,,23456,,
,,,,,,,,,78901,,
,,,,,,,,,34567,,
,,,,,,,,,89012,,
,,,,,,,,,45678,,
,,,,,,,,,12345,,
,,,,,,,,,67890,,
,,,,,,,,,23456,,
,,,,,,,,,78901,,
,,,,,,,,,34567,,
,,,,,,,,,89012,,
,,,,,,,,,45678,,
,,,,,,,,,12345,,
,,,,,,,,,67890,,
,,,,,,,,,23456,,
,,,,,,,,,78901,,
,,,,,,,,,34567,,
,,,,,,,,,89012,,
,,,,,,,,,45678,,
,,,,,,,,,12345,,
,,,,,,,,,67890,,
,,,,,,,,,23456,,
,,,,,,,,,78901,,
,,,,,,,,,34567,,
,,,,,,,,,89012,,
,,,,,,,,,45678,,
,,,,,,,,,12345,,
,,,,,,,,,67890,,
,,,,,,,,,23456,,
,,,,,,,,,78901,,
,,,,,,,,,34567,,
,,,,,,,,,89012,,
,,,,,,,,,45678,,
,,,,,,,,,12345,,
,,,,,,,,,67890,,
,,,,,,,,,23456,,
,,,,,,,,,78901,,
,,,,,,,,,34567,,
,,,,,,,,,89012,,
,,,,,,,,,45678,,
,,,,,,,,,12345,,
,,,,,,,,,67890,,
,,,,,,,,,23456,,
,,,,,,,,,78901,,
,,,,,,,,,34567,,
,,,,,,,,,89012,,
,,,,,,,,,45678,,
,,,,,,,,,12345,,
,,,,,,,,,67890,,
,,,,,,,,,23456,,
,,,,,,,,,78901,,
,,,,,,,,,34567,,
,,,,,,,,,89012,,
,,,,,,,,,45678,,
,,,,,,,,,12345,,
,,,,,,,,,67890,,
,,,,,,,,,23456,,
,,,,,,,,,78901,,
,,,,,,,,,34567,,
,,,,,,,,,89012,,
,,,,,,,,,45678,,
,,,,,,,,,12345,,
,,,,,,,,,67890,,
,,,,,,,,,12345,,
,,,,,,,,,67890,,
,,,,,,,,,23456,,
,,,,,,,,,78901,,
,,,,,,,,,34567,,
,,,,,,,,,89012,,
,,,,,,,,,45678,,
,,,,,,,,,12345,,
,,,,,,,,,67890,,
,,,,,,,,,23456,,
,,,,,,,,,78901,,
,,,,,,,,,34567,,
,,,,,,,,,89012,,
,,,,,,,,,45678,,
,,,,,,,,,12345,,
,,,,,,,,,67890,,
,,,,,,,,,23456,,
,,,,,,,,,78901,,
,,,,,,,,,34567,,
,,,,,,,,,89012,,
,,,,,,,,,45678,,
,,,,,,,,,12345,,
,,,,,,,,,67890,,
,,,,,,,,,23456,,
,,,,,,,,,78901,,
,,,,,,,,,34567,,
,,,,,,,,,89012,,
,,,,,,,,,45678,,
,,,,,,,,,12345,,
,,,,,,,,,67890,,
,,,,,,,,,23456,,
,,,,,,,,,78901,,
,,,,,,,,,34567,,
,,,,,,,,,89012,,
,,,,,,,,,45678,,
,,,,,,,,,12345,,
,,,,,,,,,67890,,
,,,,,,,,,23456,,
,,,,,,,,,78901,,
,,,,,,,,,34567,,
,,,,,,,,,89012,,
,,,,,,,,,45678,,
,,,,,,,,,12345,,
,,,,,,,,,67890,,
,,,,,,,,,23456,,
,,,,,,,,,78901,,
,,,,,,,,,34567,,
,,,,,,,,,89012,,
,,,,,,,,,45678,,
,,,,,,,,,12345,,
,,,,,,,,,67890,,
,,,,,,,,,23456,,
,,,,,,,,,78901,,
,,,,,,,,,34567,,
,,,,,,,,,89012,,
,,,,,,,,,45678,,
,,,,,,,,,12345,,
,,,,,,,,,67890,,
,,,,,,,,,23456,,
,,,,,,,,,78901,,
,,,,,,,,,34567,,
,,,,,,,,,89012,,
,,,,,,,,,45678,,
,,,,,,,,,12345,,
,,,,,,,,,67890,,
,,,,,,,,,23456,,
,,,,,,,,,78901,,
,,,,,,,,,34567,,
,,,,,,,,,89012,,
,,,,,,,,,45678,,
,,,,,,,,,12345,,
,,,,,,,,,67890,,
,,,,,,,,,23456,,
,,,,,,,,,78901,,
,,,,,,,,,34567,,
,,,,,,,,,89012,,
,,,,,,,,,45678,,
,,,,,,,,,12345,,
,,,,,,,,,67890,,
,,,,,,,,,23456,,
,,,,,,,,,78901,,
,,,,,,,,,34567,,
,,,,,,,,,89012,,
,,,,,,,,,45678,,
,,,,,,,,,12345,,
,,,,,,,,,67890,,
,,,,,,,,,23456,,
,,,,,,,,,78901,,
,,,,,,,,,34567,,
,,,,,,,,,89012,,
,,,,,,,,,45678,,
,,,,,,,,,12345,,
,,,,,,,,,67890,,
,,,,,,,,,23456,,
,,,,,,,,,78901,,
,,,,,,,,,34567,,
,,,,,,,,,89012,,
,,,,,,,,,45678,,
,,,,,,,,,12345,,
,,,,,,,,,67890,,
,,,,,,,,,12345,,
,,,,,,,,,67890,,
,,,,,,,,,23456,,
,,,,,,,,,78901,,
,,,,,,,,,34567,,
,,,,,,,,,89012,,
,,,,,,,,,45678,,
,,,,,,,,,12345,,
,,,,,,,,,67890,,
,,,,,,,,,23456,,
,,,,,,,,,78901,,
,,,,,,,,,34567,,
,,,,,,,,,89012,,
,,,,,,,,,45678,,
,,,,,,,,,12345,,
,,,,,,,,,67890,,
,,,,,,,,,23456,,
,,,,,,,,,78901,,
,,,,,,,,,34567,,
,,,,,,,,,89012,,
,,,,,,,,,45678,,
,,,,,,,,,12345,,
,,,,,,,,,67890,,
,,,,,,,,,23456,,
,,,,,,,,,78901,,
,,,,,,,,,34567,,
,,,,,,,,,89012,,
,,,,,,,,,45678,,
,,,,,,,,,12345,,
,,,,,,,,,67890,,
,,,,,,,,,23456,,
,,,,,,,,,78901,,
,,,,,,,,,34567,,
,,,,,,,,,89012,,
,,,,,,,,,45678,,
,,,,,,,,,12345,,
,,,,,,,,,67890,,
,,,,,,,,,23456,,
,,,,,,,,,78901,,
,,,,,,,,,34567,,
,,,,,,,,,89012,,
,,,,,,,,,45678,,
,,,,,,,,,12345,,
,,,,,,,,,67890,,
,,,,,,,,,23456,,
,,,,,,,,,78901,,
,,,,,,,,,34567,,
,,,,,,,,,89012,,
,,,,,,,,,45678,,
,,,,,,,,,12345,,
,,,,,,,,,67890,,
,,,,,,,,,23456,,
,,,,,,,,,78901,,
,,,,,,,,,34567,,
,,,,,,,,,89012,,
,,,,,,,,,45678,,
,,,,,,,,,12345,,
,,,,,,,,,67890,,
,,,,,,,,,23456,,
,,,,,,,,,78901,,
,,,,,,,,,34567,,
,,,,,,,,,89012,,
,,,,,,,,,45678,,
,,,,,,,,,12345,,
,,,,,,,,,67890,,
,,,,,,,,,23456,,
,,,,,,,,,78901,,
,,,,,,,,,34567,,
,,,,,,,,,89012,,
,,,,,,,,,45678,,
,,,,,,,,,12345,,
,,,,,,,,,67890,,
,,,,,,,,,23456,,
,,,,,,,,,78901,,
,,,,,,,,,34567,,
,,,,,,,,,89012,,
,,,,,,,,,45678,,
,,,,,,,,,12345,,
,,,,,,,,,67890,,
,,,,,,,,,23456,,
,,,,,,,,,78901,,
,,,,,,,,,34567,,
,,,,,,,,,89012,,
,,,,,,,,,45678,,
,,,,,,,,,12345,,
,,,,,,,,,67890,,
,,,,,,,,,23456,,
,,,,,,,,,78901,,
,,,,,,,,,34567,,
,,,,,,,,,89012,,
,,,,,,,,,45678,,
,,,,,,,,,12345,,
,,,,,,,,,67890,,
,,,,,,,,,23456,,
,,,,,,,,,78901,,
,,,,,,,,,34567,,
,,,,,,,,,89012,,
,,,,,,,,,45678,,
,,,,,,,,,12345,,
,,,,,,,,,67890,,
,,,,,,,,,12345,,
,,,,,,,,,67890,,
,,,,,,,,,23456,,
,,,,,,,,,78901,,
,,,,,,,,,34567,,
,,,,,,,,,89012,,
,,,,,,,,,45678,,
,,,,,,,,,12345,,
,,,,,,,,,67890,,
,,,,,,,,,23456,,
,,,,,,,,,78901,,
,,,,,,,,,34567,,
,,,,,,,,,89012,,
,,,,,,,,,45678,,
,,,,,,,,,12345,,
,,,,,,,,,67890,,
,,,,,,,,,23456,,
,,,,,,,,,78901,,
,,,,,,,,,34567,,
,,,,,,,,,89012,,
,,,,,,,,,45678,,
,,,,,,,,,12345,,
,,,,,,,,,67890,,
,,,,,,,,,23456,,
,,,,,,,,,78901,,
,,,,,,,,,34567,,
,,,,,,,,,89012,,
,,,,,,,,,45678,,
,,,,,,,,,12345,,
,,,,,,,,,67890,,
,,,,,,,,,23456,,
,,,,,,,,,78901,,
,,,,,,,,,34567,,
,,,,,,,,,89012,,
,,,,,,,,,45678,,
,,,,,,,,,12345,,
,,,,,,,,,67890,,
,,,,,,,,,23456,,
,,,,,,,,,78901,,
,,,,,,,,,34567,,
,,,,,,,,,89012,,
,,,,,,,,,45678,,
,,,,,,,,,12345,,
,,,,,,,,,67890,,
,,,,,,,,,23456,,
,,,,,,,,,78901,,
,,,,,,,,,34567,,
,,,,,,,,,89012,,
,,,,,,,,,45678,,
,,,,,,,,,12345,,
,,,,,,,,,67890,,
,,,,,,,,,23456,,
,,,,,,,,,78901,,
,,,,,,,,,34567,,
,,,,,,,,,89012,,
,,,,,,,,,45678,,
,,,,,,,,,12345,,
,,,,,,,,,67890,,
,,,,,,,,,23456,,
,,,,,,,,,78901,,
,,,,,,,,,34567,,
,,,,,,,,,89012,,
,,,,,,,,,45678,,
,,,,,,,,,12345,,
,,,,,,,,,67890,,
,,,,,,,,,23456,,
,,,,,,,,,78901,,
,,,,,,,,,34567,,
,,,,,,,,,89012,,
,,,,,,,,,45678,,
,,,,,,,,,12345,,
,,,,,,,,,67890,,
,,,,,,,,,23456,,
,,,,,,,,,78901,,
,,,,,,,,,34567,,
,,,,,,,,,89012,,
,,,,,,,,,45678,,
,,,,,,,,,12345,,
,,,,,,,,,67890,,
,,,,,,,,,23456,,
,,,,,,,,,78901,,
,,,,,,,,,34567,,
,,,,,,,,,89012,,
,,,,,,,,,45678,,
,,,,,,,,,12345,,
,,,,,,,,,67890,,
,,,,,,,,,23456,,
,,,,,,,,,78901,,
,,,,,,,,,34567,,
,,,,,,,,,89012,,
,,,,,,,,,45678,,
,,,,,,,,,12345,,
,,,,,,,,,67890,,
,,,,,,,,,23456,,
,,,,,,,,,78901,,
,,,,,,,,,34567,,
,,,,,,,,,89012,,
,,,,,,,,,45678,,
,,,,,,,,,12345,,
,,,,,,,,,67890,,
,,,,,,,,,12345,,
,,,,,,,,,67890,,
,,,,,,,,,23456,,
,,,,,,,,,78901,,
,,,,,,,,,34567,,
,,,,,,,,,89012,,
,,,,,,,,,45678,,
,,,,,,,,,12345,,
,,,,,,,,,67890,,
,,,,,,,,,23456,,
,,,,,,,,,78901,,
,,,,,,,,,34567,,
,,,,,,,,,89012,,
,,,,,,,,,45678,,
,,,,,,,,,12345,,
,,,,,,,,,67890,,
,,,,,,,,,23456,,
,,,,,,,,,78901,,
,,,,,,,,,34567,,
,,,,,,,,,89012,,
,,,,,,,,,45678,,
,,,,,,,,,12345,,
,,,,,,,,,67890,,
,,,,,,,,,23456,,
,,,,,,,,,78901,,
,,,,,,,,,34567,,
,,,,,,,,,89012,,
,,,,,,,,,45678,,
,,,,,,,,,12345,,
,,,,,,,,,67890,,
,,,,,,,,,23456,,
,,,,,,,,,78901,,
,,,,,,,,,34567,,
,,,,,,,,,89012,,
,,,,,,,,,45678,,
,,,,,,,,,12345,,
,,,,,,,,,67890,,
,,,,,,,,,23456,,
,,,,,,,,,78901,,
,,,,,,,,,34567,,
,,,,,,,,,89012,,
,,,,,,,,,45678,,
,,,,,,,,,12345,,
,,,,,,,,,67890,,
,,,,,,,,,23456,,
,,,,,,,,,78901,,
,,,,,,,,,34567,,
,,,,,,,,,89012,,
,,,,,,,,,45678,,
,,,,,,,,,12345,,
,,,,,,,,,67890,,
,,,,,,,,,23456,,
,,,,,,,,,78901,,
,,,,,,,,,34567,,
,,,,,,,,,89012,,
,,,,,,,,,45678,,
,,,,,,,,,12345,,
,,,,,,,,,67890,,
,,,,,,,,,23456,,
,,,,,,,,,78901,,
,,,,,,,,,34567,,
,,,,,,,,,89012,,
,,,,,,,,,45678,,
,,,,,,,,,12345,,
,,,,,,,,,67890,,
,,,,,,,,,23456,,
,,,,,,,,,78901,,
,,,,,,,,,34567,,
,,,,,,,,,89012,,
,,,,,,,,,45678,,
,,,,,,,,,12345,,
,,,,,,,,,67890,,
,,,,,,,,,23456,,
,,,,,,,,,78901,,
,,,,,,,,,34567,,
,,,,,,,,,89012,,
,,,,,,,,,45678,,
,,,,,,,,,12345,,
,,,,,,,,,67890,,
,,,,,,,,,23456,,
,,,,,,,,,78901,,
,,,,,,,,,34567,,
,,,,,,,,,89012,,
,,,,,,,,,45678,,
,,,,,,,,,12345,,
,,,,,,,,,67890,,
,,,,,,,,,23456,,
,,,,,,,,,78901,,
,,,,,,,,,34567,,
,,,,,,,,,89012,,
,,,,,,,,,45678,,
,,,,,,,,,12345,,
,,,,,,,,,67890,,
,,,,,,,,,23456,,
,,,,,,,,,78901,,
,,,,,,,,,34567,,
,,,,,,,,,89012,,
,,,,,,,,,45678,,
,,,,,,,,,12345,,
,,,,,,,,,67890,,
,,,,,,,,,12345,,
,,,,,,,,,67890,,
,,,,,,,,,23456,,
,,,,,,,,,78901,,
,,,,,,,,,34567,,
,,,,,,,,,89012,,
,,,,,,,,,45678,,
,,,,,,,,,12345,,
,,,,,,,,,67890,,
,,,,,,,,,23456,,
,,,,,,,,,78901,,
,,,,,,,,,34567,,
,,,,,,,,,89012,,
,,,,,,,,,45678,,
,,,,,,,,,12345,,
,,,,,,,,,67890,,
,,,,,,,,,23456,,
,,,,,,,,,78901,,
,,,,,,,,,34567,,
,,,,,,,,,89012,,
,,,,,,,,,45678,,
,,,,,,,,,12345,,
,,,,,,,,,67890,,
,,,,,,,,,23456,,
,,,,,,,,,78901,,
,,,,,,,,,34567,,
,,,,,,,,,89012,,
,,,,,,,,,45678,,
,,,,,,,,,12345,,
,,,,,,,,,67890,,
,,,,,,,,,23456,,
,,,,,,,,,78901,,
,,,,,,,,,34567,,
,,,,,,,,,89012,,
,,,,,,,,,45678,,
,,,,,,,,,12345,,
,,,,,,,,,67890,,
,,,,,,,,,23456,,
,,,,,,,,,78901,,
,,,,,,,,,34567,,
,,,,,,,,,89012,,
,,,,,,,,,45678,,
,,,,,,,,,12345,,
,,,,,,,,,67890,,
,,,,,,,,,23456,,
,,,,,,,,,78901,,
,,,,,,,,,34567,,
,,,,,,,,,89012,,
,,,,,,,,,45678,,
,,,,,,,,,12345,,
,,,,,,,,,67890,,
,,,,,,,,,23456,,
,,,,,,,,,78901,,
,,,,,,,,,34567,,
,,,,,,,,,89012,,
,,,,,,,,,45678,,
,,,,,,,,,12345,,
,,,,,,,,,67890,,
,,,,,,,,,23456,,
,,,,,,,,,78901,,
,,,,,,,,,34567,,
,,,,,,,,,89012,,
,,,,,,,,,45678,,
,,,,,,,,,12345,,
,,,,,,,,,67890,,
,,,,,,,,,23456,,
,,,,,,,,,78901,,
,,,,,,,,,34567,,
,,,,,,,,,89012,,
,,,,,,,,,45678,,
,,,,,,,,,12345,,
,,,,,,,,,67890,,
,,,,,,,,,23456,,
,,,,,,,,,78901,,
,,,,,,,,,34567,,
,,,,,,,,,89012,,
,,,,,,,,,45678,,
,,,,,,,,,12345,,
,,,,,,,,,67890,,
,,,,,,,,,23456,,
,,,,,,,,,78901,,
,,,,,,,,,34567,,
,,,,,,,,,89012,,
,,,,,,,,,45678,,
,,,,,,,,,12345,,
,,,,,,,,,67890,,
,,,,,,,,,23456,,
,,,,,,,,,78901,,
,,,,,,,,,34567,,
,,,,,,,,,89012,,
,,,,,,,,,45678,,
,,,,,,,,,12345,,
,,,,,,,,,67890,,
,,,,,,,,,23456,,
,,,,,,,,,78901,,
,,,,,,,,,34567,,
,,,,,,,,,89012,,
,,,,,,,,,45678,,
,,,,,,,,,12345,,
,,,,,,,,,67890,,
,,,,,,,,,12345,,
,,,,,,,,,67890,,
,,,,,,,,,23456,,
,,,,,,,,,78901,,
,,,,,,,,,34567,,
,,,,,,,,,89012,,
,,,,,,,,,45678,,
,,,,,,,,,12345,,
,,,,,,,,,67890,,
,,,,,,,,,23456,,
,,,,,,,,,78901,,
,,,,,,,,,34567,,
,,,,,,,,,89012,,
,,,,,,,,,45678,,
,,,,,,,,,12345,,
,,,,,,,,,67890,,
,,,,,,,,,23456,,
,,,,,,,,,78901,,
,,,,,,,,,34567,,
,,,,,,,,,89012,,
,,,,,,,,,45678,,
,,,,,,,,,12345,,
,,,,,,,,,67890,,
,,,,,,,,,23456,,
,,,,,,,,,78901,,
,,,,,,,,,34567,,
,,,,,,,,,89012,,
,,,,,,,,,45678,,
,,,,,,,,,12345,,
,,,,,,,,,67890,,
,,,,,,,,,23456,,
,,,,,,,,,78901,,
,,,,,,,,,34567,,
,,,,,,,,,89012,,
,,,,,,,,,45678,,
,,,,,,,,,12345,,
,,,,,,,,,67890,,
,,,,,,,,,23456,,
,,,,,,,,,78901,,
,,,,,,,,,34567,,
,,,,,,,,,89012,,
,,,,,,,,,45678,,
,,,,,,,,,12345,,
,,,,,,,,,67890,,
,,,,,,,,,23456,,
,,,,,,,,,78901,,
,,,,,,,,,34567,,
,,,,,,,,,89012,,
,,,,,,,,,45678,,
,,,,,,,,,12345,,
,,,,,,,,,67890,,
,,,,,,,,,23456,,
,,,,,,,,,78901,,
,,,,,,,,,34567,,
,,,,,,,,,89012,,
,,,,,,,,,45678,,
,,,,,,,,,12345,,
,,,,,,,,,67890,,
,,,,,,,,,23456,,
,,,,,,,,,78901,,
,,,,,,,,,34567,,
,,,,,,,,,89012,,
,,,,,,,,,45678,,
,,,,,,,,,12345,,
,,,,,,,,,67890,,
,,,,,,,,,23456,,
,,,,,,,,,78901,,
,,,,,,,,,34567,,
,,,,,,,,,89012,,
,,,,,,,,,45678,,
,,,,,,,,,12345,,
,,,,,,,,,67890,,
,,,,,,,,,23456,,
,,,,,,,,,78901,,
,,,,,,,,,34567,,
,,,,,,,,,89012,,
,,,,,,,,,45678,,
,,,,,,,,,12345,,
,,,,,,,,,67890,,
,,,,,,,,,23456,,
,,,,,,,,,78901,,
,,,,,,,,,34567,,
,,,,,,,,,89012,,
,,,,,,,,,45678,,
,,,,,,,,,12345,,
,,,,,,,,,67890,,
,,,,,,,,,23456,,
,,,,,,,,,78901,,
,,,,,,,,,34567,,
,,,,,,,,,89012,,
,,,,,,,,,45678,,
,,,,,,,,,12345,,
,,,,,,,,,67890,,
,,,,,,,,,23456,,
,,,,,,,,,78901,,
,,,,,,,,,34567,,
,,,,,,,,,89012,,
,,,,,,,,,45678,,
,,,,,,,,,12345,,
,,,,,,,,,67890,,
,,,,,,,,,12345,,
,,,,,,,,,67890,,
,,,,,,,,,23456,,
,,,,,,,,,78901,,
,,,,,,,,,34567,,
,,,,,,,,,89012,,
,,,,,,,,,45678,,
,,,,,,,,,12345,,
,,,,,,,,,67890,,
,,,,,,,,,23456,,
,,,,,,,,,78901,,
,,,,,,,,,34567,,
,,,,,,,,,89012,,
,,,,,,,,,45678,,
,,,,,,,,,12345,,
,,,,,,,,,67890,,
,,,,,,,,,23456,,
,,,,,,,,,78901,,
,,,,,,,,,34567,,
,,,,,,,,,89012,,
,,,,,,,,,45678,,
,,,,,,,,,12345,,
,,,,,,,,,67890,,
,,,,,,,,,23456,,
,,,,,,,,,78901,,
,,,,,,,,,34567,,
,,,,,,,,,89012,,
,,,,,,,,,45678,,
,,,,,,,,,12345,,
,,,,,,,,,67890,,
,,,,,,,,,23456,,
,,,,,,,,,78901,,
,,,,,,,,,34567,,
,,,,,,,,,89012,,
,,,,,,,,,45678,,
,,,,,,,,,12345,,
,,,,,,,,,67890,,
,,,,,,,,,23456,,
,,,,,,,,,78901,,
,,,,,,,,,34567,,
,,,,,,,,,89012,,
,,,,,,,,,45678,,
,,,,,,,,,12345,,
,,,,,,,,,67890,,
,,,,,,,,,23456,,
,,,,,,,,,78901,,
,,,,,,,,,34567,,
,,,,,,,,,89012,,
,,,,,,,,,45678,,
,,,,,,,,,12345,,
,,,,,,,,,67890,,
,,,,,,,,,23456,,
,,,,,,,,,78901,,
,,,,,,,,,34567,,
,,,,,,,,,89012,,
,,,,,,,,,45678,,
,,,,,,,,,12345,,
,,,,,,,,,67890,,
,,,,,,,,,23456,,
,,,,,,,,,78901,,
,,,,,,,,,34567,,
,,,,,,,,,89012,,
,,,,,,,,,45678,,
,,,,,,,,,12345,,
,,,,,,,,,67890,,
,,,,,,,,,23456,,
,,,,,,,,,78901,,
,,,,,,,,,34567,,
,,,,,,,,,89012,,
,,,,,,,,,45678,,
,,,,,,,,,12345,,
,,,,,,,,,67890,,
,,,,,,,,,23456,,
,,,,,,,,,78901,,
,,,,,,,,,34567,,
,,,,,,,,,89012,,
,,,,,,,,,45678,,
,,,,,,,,,12345,,
,,,,,,,,,67890,,
,,,,,,,,,23456,,
,,,,,,,,,78901,,
,,,,,,,,,34567,,
,,,,,,,,,89012,,
,,,,,,,,,45678,,
,,,,,,,,,12345,,
,,,,,,,,,67890,,
,,,,,,,,,23456,,
,,,,,,,,,78901,,
,,,,,,,,,34567,,
,,,,,,,,,89012,,
,,,,,,,,,45678,,
,,,,,,,,,12345,,
,,,,,,,,,67890,,
,,,,,,,,,23456,,
,,,,,,,,,78901,,
,,,,,,,,,34567,,
,,,,,,,,,89012,,
,,,,,,,,,45678,,
,,,,,,,,,12345,,
,,,,,,,,,67890,,