User_ID,account_nbr,Saving_amt,Saving_typ,yrs_saved,Saving_percent
X3aB7kL9pR,23456789012345,"$25,000",raditional Savings Account,3 years,5%
Q2cD8eJ4hU,234567890123456,"$40,000",Roth IRA,5 years,12%
W5gF6mN1oY,345678901234567,"$20,000",401(k) Retirement Plan,8 years,8%
A9bI3lR7tV,456789012345678,"$60,000",Certificate of Deposit (CD),2 years,15%
Z4dH2oG8qX,567890123456789,"$15,000",Money Market Account,10 years,20%
K6iL1pS3wT,678901234567890,"$55,000",Emergency Fund,4 years,10%
C7uV2xY5zN,789012345678901,"$30,000",Health Savings Account (HSA),7 years,18%
M9aP4rH8jK,890123456789012,"$35,000",Taxable Investment Portfolio,6 years,25%
E3fU6oW1nX,901234567890123,"$45,000",Individual Retirement Account (IRA),1 year,7%
D2qB7lY4sK,109876543210987,"$70,000",High-Yield Savings Account,9 years,22%
V8hT9pA6yJ,210987654321098,"$10,000",Education Savings Account (ESA),12 years,6%
R1kL3uV7dX,321098765432109,"$48,000",Fixed Annuity,15 years,16%
G4oN2iP8mC,432109876543210,"$65,000",Municipal Bonds,18 years,13%
B7wS5zR9xL,543210987654321,"$25,000",Real Estate Investment Trust (REIT),11 years,28%
Y5vU6cT3iM,654321098765432,"$40,000",Cryptocurrency Holdings,14 years,17%
J9aW2kL7fH,765432109876543,"$20,000",Gold and Precious Metals,20 years,11%
I3nF1qO6uP,876543210987654,"$60,000",Peer-to-Peer Lending,25 years,24%
H8rX4jG2pK,987654321098765,"$15,000",Dividend Stocks,30 years,9%
Z2cV5xY7qA,987123456789012,"$55,000",Treasury Bonds,22 years,23%
T7eN9mS1lR,876234567890123,"$30,000",529 College Savings Plan,8 years,14%
Q6uH3dV4pW,765345678901234,"$35,000",Home Equity,17 years,21%
X1wK7zY9mB,654456789012345,"$45,000",Index Funds,13 years,19%
U5sA8oP2vQ,543567890123456,"$70,000",Savings Bonds,19 years,26%
L9yF6gJ3nZ,432678901234567,"$10,000",Commodities Trading,3 years,27%
O4bX2cT7iD,321789012345678,"$48,000",Corporate Bonds,5 years,29%
P8jR1kL3aU,210890123456789,"$65,000",Foreign Currency Exchange,8 years,15%
N3mW5oG7vZ,109901234567890,"$25,000",Options Trading,2 years,8%
C7sV4pB9xK,123019876543210,"$40,000",Money Market Mutual Fund,10 years,20%
F2qU6rH1lX,234021098765432,"$20,000",Socially Responsible Investing,4 years,12%
D9wI8oA5yJ,345032109876543,"$60,000",Growth Stocks,7 years,18%
T3hS7wK4uL,456043210987654,"$15,000",Value Stocks,6 years,7%
Z6pN1yC8mX,567054321098765,"$55,000",Lifecycle Funds,1 year,22%
V7dO2jG5iR,678065432109876,"$30,000",Municipal Money Market Fund,9 years,16%
X9kL3uV1sH,789076543210987,"$35,000",Real Estate Crowdfunding,12 years,13%
G4rP8mB2qW,890087654321098,"$45,000",Certificate of Deposit Ladder,15 years,28%
N1oY5vU7cT,901098765432109,"$70,000",Global Bonds,18 years,17%
E6iW9nS3xK,876098765432109,"$10,000",Small-Cap Stocks,11 years,11%
M2aP7jH8oR,765098765432109,"$48,000",Large-Cap Stocks,14 years,24%
A5uQ3bL6sV,654098765432109,"$65,000",Balanced Mutual Funds,20 years,23%
Y7zR9xL2wK,543098765432109,"$25,000",Treasury Inflation-Protected Securities (TIPS),25 years,9%
J3fT6oN1iX,432098765432109,"$40,000",Rental Property,30 years,14%
B8lX4pY9qJ,321098765432109,"$20,000",Farmland Investment,22 years,21%
W1kC7uV2xH,210098765432109,"$60,000",Venture Capital Investments,8 years,19%
K3mN9oG6jP,109098765432109,"$15,000",Hedge Funds,17 years,26%
H7rT2jA8yL,210987654321098,"$55,000",Private Equity,13 years,27%
I4nR1oF3uW,321876543210987,"$30,000",Structured Settlement Investments,19 years,29%
D8vX5iS7wK,432765432109876,"$35,000","Ancestry Investment (e.g., collectibles from heritage)",3 years,15%
Q6uH2dY9cP,543654321098765,"$45,000",Bitcoin and Altcoins,5 years,8%
O1rW7oK4lA,654543210987654,"$70,000",Art and Antiques Investment,8 years,20%
U5sJ9yB6mV,765432109876543,"$10,000",Cash Value Life Insurance,2 years,12%
P3jH8qO1uS,876321098765432,"$48,000",Corporate Stock Options,10 years,18%
C7xW5oL2iR,987210987654321,"$65,000",Cryptocurrency Mining,4 years,7%
Z9kG6pN3aH,987654321012345,"$25,000",Intellectual Property Royalties,7 years,22%
S2wT7yV4zX,876543210123456,"$40,000",Peer-to-Peer Real Estate Investing,6 years,16%
B5sQ8vU1cK,765432109234567,"$20,000",Silver and Precious Metals,1 year,13%
R7jL4oY2mF,654321098345678,"$60,000",Tax-Loss Harvesting,9 years,28%
E9nS1iP3lR,543210987456789,"$15,000",Wine Investment,12 years,17%
X6uV3dA5oN,432109876567890,"$55,000",Fine Art Investment,15 years,11%
M2yC8kL7wT,321098765678901,"$30,000",Livestock Investment,18 years,24%
F4oB9rI6gX,210987654789012,"$35,000",Profit-Sharing Plans,11 years,23%
V7hT1pY5aJ,109876543890123,"$45,000",Profitable Side Business,14 years,9%
D3xU6iH8lK,123450987654321,"$70,000",Employee Stock Purchase Plan (ESPP),20 years,14%
G9mW2nS1oX,234561098765432,"$10,000",International Stocks,25 years,21%
A6yK4sB8qL,345672109876543,"$48,000",Employee Stock Options (ESOs),30 years,19%
O1uP7rH3jW,456783210987654,"$65,000","Real Assets (e.g., infrastructure, natural resources)",22 years,26%
N5oY2iG8pK,567894321098765,"$25,000",Treasury STRIPS,8 years,27%
H9qL6wN3mA,678905432109876,"$40,000",Equity Crowdfunding,17 years,15%
I2nX7vU4dR,789016543210987,"$20,000",Angel Investing,13 years,8%
C8mT3oP1iS,890127654321098,"$60,000",Timberland Investment,19 years,20%
Y9zR6xL2wV,901238765432109,"$15,000",Natural Gas and Energy Investments,3 years,12%
Q7uH5dV8pK,987654321098012,"$55,000",Social Impact Bonds,5 years,18%
U2rO9oN4iX,876543210987123,"$30,000",Rare Coin and Currency Collection,8 years,7%
L6gS3wK1mY,765432109876234,"$35,000",Structured Notes,2 years,22%
P4jA2yB8lH,654321098765345,"$45,000",Film and Entertainment Ventures,10 years,16%
W7nT3oR6uV,543210987654456,"$70,000",Alternative Mutual Funds,4 years,13%
Z2xL9iH1yG,432109876543567,"$10,000",Water Rights Investment,7 years,17%
X5uV7pB4wQ,321098765432678,"$48,000",Collectible Sports Memorabilia,6 years,11%
K3oH8jW1nM,210098765432789,"$65,000",Cloud Mining Investments,1 year,24%
E9uI6oY2aP,109098765432890,"$25,000",E-commerce Business Ownership,9 years,23%
D3qB7rL5sV,987654321098765,"$40,000","Virtual Real Estate (e.g., digital assets)",12 years,9%
J1fT4oN7iH,876543210987654,"$20,000",Fine Dining Investment,15 years,14%
V8dX6iS3wK,765432109876543,"$60,000",Limited Partnership Interests,18 years,21%
M2yA5oH9lN,654321098765432,"$15,000",Timeshare Ownership,11 years,19%
B7rP3mG8jX,543210987654321,"$55,000",Impact Investing,14 years,26%
C9kL4uV1dR,432109876543210,"$30,000",Far East Stocks,20 years,27%
H6qO1uN8iP,321098765432109,"$35,000",Crowdsourced Investment Ideas,25 years,15%
W3nS5oY2vL,210098765432109,"$45,000",Philanthropy Investment,30 years,8%
I9pR7jH4aX,109098765432109,"$70,000",Vintage Car Collection,22 years,20%
Y2zX5iS8wK,876543210987654,"$10,000",Technology Startup Investments,8 years,12%
G6oN3uV1yJ,765432109876543,"$48,000",Municipal Lease Obligations,17 years,18%
F8wT1oB5mR,654321098765432,"$65,000",Solar Energy Investments,13 years,7%
A4uK7yH2lQ,543210987654321,"$25,000",Distressed Debt Securities,19 years,22%
S9iP6lB3wV,432109876543210,"$40,000",Racehorse Ownership,3 years,16%
N1oY7qR4xK,321098765432109,"$20,000",Subscription Box Business Investment,5 years,13%
D3vO6iN2aH,210098765432109,"$60,000",Low-Cost Index Funds,8 years,17%
Q8uW1nS5oX,109098765432109,"$15,000",Franchise Ownership,2 years,11%
U4rA7oP2yV,987654321098765,"$55,000",Limited Liability Company (LLC) Interests,10 years,24%
L6mX3iS1wT,876543210987654,"$30,000",Cryptokitties and Digital Collectibles,4 years,23%
P8jH5kL2oR,765432109876543,"$35,000",Virtual Reality Real Estate,10 years,9%
C4uV7pS3yB,654321098765432,"$45,000",Prize-linked Savings Account,4 years,14%